{
  "project_info": {
    "project_number": "116576989251",
    "firebase_url": "https://planetze--group-5-default-rtdb.firebaseio.com",
    "project_id": "planetze--group-5",
    "storage_bucket": "planetze--group-5.firebasestorage.app"
  },
  "client": [
    {
      "client_info": {
        "mobilesdk_app_id": "1:116576989251:android:970909c1ab2ed27c82a4f6",
        "android_client_info": {
          "package_name": "com.example.planetZe_gp5"
        }
      },
      "oauth_client": [],
      "api_key": [
        {
          "current_key": "AIzaSyAOPou7L-mp43AYX2vdIrCt5d6k8xJ1hqY"
        }
      ],
      "services": {
        "appinvite_service": {
          "other_platform_oauth_client": []
        }
      }
    }
  ],
  "configuration_version": "1"
}